bookCode,image
1,https://drive.google.com/uc?export=view&id=1hSYran9rU5JoU6_A90mtGalRqRef7fk4
3,https://drive.google.com/uc?export=view&id=1lOqqvZdWjzbgmPry_3uOb08YLUX7aIQo
4,https://drive.google.com/uc?export=view&id=1eYqmnTB7yoiy0fDwAIsKLE6Iyk4JJio_
6,https://drive.google.com/uc?export=view&id=1JT2Mt3Omd0oceVfuD0Vcsru8kogBrB-U
8,https://drive.google.com/uc?export=view&id=1vt0aCBt1EHW3WpwIQ1P5-4fItvbtNwZe
9,https://drive.google.com/uc?export=view&id=1yUqdmWrlYkYJX1NwUd8mjtdFJQFzgiac
11,https://drive.google.com/uc?export=view&id=1dfU-qMq5eS03JJT3Iu45zxzmC51mk1TB
12,https://drive.google.com/uc?export=view&id=1CZVSyZuoi3sZtkwMY6-mymkSVDonNMFa
13,https://drive.google.com/uc?export=view&id=19WLq1K1G2Z3v86voA2pePql7B2ypkiHX
15,https://drive.google.com/uc?export=view&id=1tC2ISpA-3Q6pW33wYAykxWlHwC8HjJGd
16,https://drive.google.com/uc?export=view&id=19ObByQSMlWnuNlPaHEwvEe5a-z5bNxS_
20,https://drive.google.com/uc?export=view&id=1SjGDArGki8KF8oL0z2Nl2sfCrDp64mbh
22,https://drive.google.com/uc?export=view&id=1HYhRISXrxAMnjEXXfjdxubgZmRujxcfp
23,https://drive.google.com/uc?export=view&id=1wmmZX-xpEnzHnzkI2MyhbDmRhMtP5kAa
24,https://drive.google.com/uc?export=view&id=18y6j3D7esTuEA4yVTdGM8K5F5OwJVziF
26,https://drive.google.com/uc?export=view&id=1Cx-sYfP2rkVGgFlEACtOHPMxiTItY1nq
27,https://drive.google.com/uc?export=view&id=1IdOHPnPZCXFP3brVQ7GOpGvImjLoMXuP
32,https://drive.google.com/uc?export=view&id=1Zh3OiDld_NkmGMwqLrgxLkplBRceKL4e
33,https://drive.google.com/uc?export=view&id=1xxMw7ccSbN8e2OCG21QA9gIyywrYAVJI
34,https://drive.google.com/uc?export=view&id=1xVPYFh-P-M5z_7d8l_9-0S1xtg51sVJA   
35,https://drive.google.com/uc?export=view&id=17IJRi_8whyG4d7pGkwKthAqM5vWfOr52
36,https://drive.google.com/uc?export=view&id=1c64lHeHCt3Aes8cZJXIYNYnfB2lVKF6W   
41,https://drive.google.com/uc?export=view&id=1BSJ5cuhSUCFALZiKEjESGeApR9ADlapP
42,https://drive.google.com/uc?export=view&id=1epqco0g5eLiEIfmp-jQy4nMbhYMOcc5T
158,https://drive.google.com/uc?export=view&id=19xkN0Ug5Dwy_pYl5dfBjVtrj7xksz1rH
44,https://drive.google.com/uc?export=view&id=1n85SsKxm467qflUEv1mrelan4XPXwpZn   
45,https://drive.google.com/uc?export=view&id=1Vtx3FxQKgU0q3bxIY44d-Yl9M3Aitae3   
47,https://drive.google.com/uc?export=view&id=16Nj79jnfmw0ycG3GiW-6veGXcaGzdp7E   
51,https://drive.google.com/uc?export=view&id=1dWxzF0aQrTRQvoDwXWuATrkpzYBw5hzt   
54,https://drive.google.com/uc?export=view&id=1uLIMkyXxldMZEl-_5ylh5HkebEUqfrM3   
55,https://drive.google.com/uc?export=view&id=11Eu7IZBSshzqhhULzi8AleRya2FouT3T   
58,https://drive.google.com/uc?export=view&id=1nCOUjIvuK_muHokP4VBpuXXcnf0Gbgrq   
62,https://drive.google.com/uc?export=view&id=1o1gsufqBQK56GNw0oqDeF-nqpQLut7ju   
64,https://drive.google.com/uc?export=view&id=1WrcGZiSWwE_6fY25rv7_hZnoZOKuJMj1   
68,https://drive.google.com/uc?export=view&id=1oipOkAjRg5LDvMKD8yFM2jG7Q-E4jdCX   
70,https://drive.google.com/uc?export=view&id=1LiBg5LA8PnE7sM815pRkIQdGAtN5cRyO   
71,https://drive.google.com/uc?export=view&id=1Fs3G8Wx2sbFmlA15d_Ex_dpPUIUPxFFJ   
72,https://drive.google.com/uc?export=view&id=1ITd4uXtAwvOtHjgrTM-e6Vikthr09xMX   
73,https://drive.google.com/uc?export=view&id=1pGImU_ZqymUZ6LPtDaV6EXxwLhLkI1J7   
74,https://drive.google.com/uc?export=view&id=1cZeGcJGK_DL-3nYiBXPw78QhO-SXLYyj   
77,https://drive.google.com/uc?export=view&id=1QCFfg6hdfw2nk1P4TQ-D-ZbW6HKAgEA1   
78,https://drive.google.com/uc?export=view&id=1YqQLQChftXQyY3BA6NZ0XmpPkJNctAar   
81,https://drive.google.com/uc?export=view&id=1QwjF2NrXOnmW4716GaK4W5m84Ke91ptO   
82,https://drive.google.com/uc?export=view&id=1wKal9u7-jkndnnidV_8odTbVOQI7phXG   
83,https://drive.google.com/uc?export=view&id=1_tgm9JsQw7nJQfNcETmHwYfj3OyoPkZ8   
84,https://drive.google.com/uc?export=view&id=1BfuMWCvvARA1xDYXtbeS-4I53qkWBN_4   
85,https://drive.google.com/uc?export=view&id=1dZ6Rd4Pna24wdfpb_shekYzDXeqFRdvp   
86,https://drive.google.com/uc?export=view&id=1T-FsAGIVFKz0xlvZZcluEgXKtwM3awh6   
88,https://drive.google.com/uc?export=view&id=180X-8nH64S8ZfPKjkNT6a0HwMP5nea2q   
90,https://drive.google.com/uc?export=view&id=13N0dsfsagMq3hRqWGw7M-DOdxud-1oeX   
91,https://drive.google.com/uc?export=view&id=1gWUfd9BAXTKg6eYihBck7Z564_jMvpOx 
92,https://drive.google.com/uc?export=view&id=1EvyiM7oS0WysiEA5Gj_GmLry5Zqvn9j6 
93,https://drive.google.com/uc?export=view&id=1KlJxCc-ApGT2HZ5sGtRwZGGi6xicQcqS 
94,https://drive.google.com/uc?export=view&id=1tspL9EGBwISsqcBVLLQUA4mcP7Nk1IE6 
95,https://drive.google.com/uc?export=view&id=1Kzolo--dm2WMslV1_ivCR6TcHxJNdRQ2 
96,https://drive.google.com/uc?export=view&id=1IuJRT3WFxq2Xt3iFuWu_n4N96cUaZbbM 
97,https://drive.google.com/uc?export=view&id=1nZlDSOnd5CIBRe09YnDJmYBox4RU39Oj 
98,https://drive.google.com/uc?export=view&id=1yKf9UVMeTZrTxOq9P4Ow39FZaFdzGpey 
99,https://drive.google.com/uc?export=view&id=1qM-Zh-iDId1NBgmO9ZQbmUR3S6502VIg 
100,https://drive.google.com/uc?export=view&id=14kphK40TbLK8Za5k9clk1qEu20bu6I12 
102,https://drive.google.com/uc?export=view&id=1taIPTbkaBn834bYW9AuBxGYddmf7fu4K 
103,https://drive.google.com/uc?export=view&id=1BoSnZjpZuqZUtMCFfW3QK8GHI4GI07L6 
104,https://drive.google.com/uc?export=view&id=14JsBjmBR_V9rfMwjhAlwQReN0Dyqu2k1 
105,https://drive.google.com/uc?export=view&id=1paW2wZsEnFSWSWwXiUTm7w0HMxyTRIWk 
106,https://drive.google.com/uc?export=view&id=1LAPhrquEm1PQ_CUJa678vrso5a6fJYnZ 
107,https://drive.google.com/uc?export=view&id=1r5nwNA25LAeYxQpdVyCVG6lAJhfTTzsm 
108,https://drive.google.com/uc?export=view&id=1objrekqM-GalQnlV_G4AOezzmI3dS-JP 
109,https://drive.google.com/uc?export=view&id=146_LlnjzSEPuBSPf3TPYbcEh6_jbuvDz 
110,https://drive.google.com/uc?export=view&id=1Oq_Ua-QVK31mVqt5RlZGNyu4SI9azoLR 
113,https://drive.google.com/uc?export=view&id=1trJj4KAaGMvHpI6WFANAotyFlqffIhLv 
117,https://drive.google.com/uc?export=view&id=1_y_LK1AJoaPJj-aQkxx1InJ6iWc4Wp3R 
119,https://drive.google.com/uc?export=view&id=1sMtla7N53_GiHqchvYZOzcaMS7HXYb-A 
121,https://drive.google.com/uc?export=view&id=1opLv76CvMTd-Tc0Eq4J8a_IVj17x2FFR 
122,https://drive.google.com/uc?export=view&id=1qmvu3PDUrCPGNwx1Fpnncw69SL0YxBkY 
123,https://drive.google.com/uc?export=view&id=1AuJ_GM5AdDegiCRMuifBWj9b_4boy5Xp 
126,https://drive.google.com/uc?export=view&id=1lih7Ehcar_yIizDzSoIRCZr9Sben9iEU 
128,https://drive.google.com/uc?export=view&id=1HKq-VG6knxuPg11pT1Lsqypb_LvJBxgo 
130,https://drive.google.com/uc?export=view&id=1CUeoAtDjCVWRgApWQiga5v4pwyBi31qG 
131,https://drive.google.com/uc?export=view&id=1p0PtcA2AvX6O9l7Yw3q62-5Q3Ngnh_QL 
133,https://drive.google.com/uc?export=view&id=1roQThR3YHchRFcLVpRW0YotC3ufYQ3Y9 
134,https://drive.google.com/uc?export=view&id=1MqaP22K3TpMH4IMYYqhgvdUJ8V4S_PKT 
136,https://drive.google.com/uc?export=view&id=1cv4m867BL2PIYc4xXmySPJ4CGrQ4F-BO 
137,https://drive.google.com/uc?export=view&id=1vxxVGKvyN2Xa8GmsNYSjLz6NOIobWXz2 
139,https://drive.google.com/uc?export=view&id=1dlgGrZXY1rMuxaBYTQtuXJNADzPBw4RS 
140,https://drive.google.com/uc?export=view&id=1wJc85Dhld0p9DhTIH2FcNVQXNgBKKE-F 
141,https://drive.google.com/uc?export=view&id=11l93Xd_FAYdktaUpwVhpabpXSDrmOwin 
142,https://drive.google.com/uc?export=view&id=1sQ2TLQ3m9Ilc8_z10R5k1hj-V9d1wTfy
143,https://drive.google.com/uc?export=view&id=1I7-qEn8jMgdGjE7xLxE-PUh0nGRAe00n
144,https://drive.google.com/uc?export=view&id=1YaPtBwkvz6vPHkqLett17ePwXyx3tX5m
145,https://drive.google.com/uc?export=view&id=1JEa2qmJMup8i4yI-xWfvE7qJzNEtEXrt
146,https://drive.google.com/uc?export=view&id=1d9oFZz8Q6B6wx340etijLhXxHoq3_Cbh
147,https://drive.google.com/uc?export=view&id=1e-d9wnP50SGPAzSEU5APTg-cCsUby_e1
149,https://drive.google.com/uc?export=view&id=1xlMtKjcFw8FzuRybfYdYyeVn3OTBOmO4
151,https://drive.google.com/uc?export=view&id=1lErWeFQgAT1GbWNlqKI_bqBAsTNMVMqw
153,https://drive.google.com/uc?export=view&id=1aoj1TstjYcc-Y3Y8UoecaJ37xH_j11eZ
154,https://drive.google.com/uc?export=view&id=1bPCvdBV08PsorH7atQTGIK8jrkO1htdN
155,https://drive.google.com/uc?export=view&id=1I9XT7Qy4rs7beaNruFOkbOpknXemdQmH
157,https://drive.google.com/uc?export=view&id=1EK0kh9VQFCGxFV_RQHTGr6odXLHZMuaB
159,https://drive.google.com/uc?export=view&id=1DyMdVdWNJwv8gIiK47SFPbDJJMMJuVoA
160,https://drive.google.com/uc?export=view&id=12X6Z1NzyV_Dc7XOchZ0P6TBe_t7UVJhe